10000, 0.002157, 0, 297524
10000, 0.004942, 0, 263417
10000, 0.005065, 1, -745533
10000, 0.005245, 0, 265326
10000, 0.009155, 0, 275148
10000, 0.010831, 1, -727520
10000, 0.013330, 0, 260954
10000, 0.015509, 0, 315286
10000, 0.016231, 1, -703819
10000, 0.019143, 0, 277127
20000, 0.002283, 0, 657018
20000, 0.004621, 1, -120711
20000, 0.006880, 1, -337622
20000, 0.004504, 1, -352442
20000, 0.007846, 1, -371710
20000, 0.009387, 1, -349939
20000, 0.008229, 1, -257391
20000, 0.013538, 1, -142145
20000, 0.022861, 1, -332025
20000, 0.018367, 1, -400143
30000, 0.002286, 1, -160063
30000, 0.004471, 1, -61841
30000, 0.005845, 2, -661286
30000, 0.009640, 1, -15504
30000, 0.002941, 1, 54178
30000, 0.014687, 1, -10898
30000, 0.015353, 1, -19575
30000, 0.015166, 1, -125754
30000, 0.020075, 1, 32177
30000, 0.016105, 1, -110889
40000, 0.001307, 1, 222789
40000, 0.002651, 1, 375045
40000, 0.006014, 2, -477586
40000, 0.011307, 2, -763738
40000, 0.011997, 1, 317357
40000, 0.017224, 1, 159813
40000, 0.016296, 1, 216146
40000, 0.017236, 1, 545332
40000, 0.019451, 1, 234549
40000, 0.013028, 2, -766631
50000, 0.004205, 3, -506189
50000, 0.002853, 2, -230019
50000, 0.006785, 2, -377804
50000, 0.003381, 2, -547927
50000, 0.017213, 2, 100214
50000, 0.009877, 2, -362459
50000, 0.016147, 2, -499335
50000, 0.019218, 2, -409438
50000, 0.018771, 1, 517595
50000, 0.015955, 2, -294508
60000, 0.002807, 2, 446177
60000, 0.007278, 3, -52308
60000, 0.010217, 2, -62809
60000, 0.008454, 3, -401994
60000, 0.009053, 2, -86164
60000, 0.010962, 2, -39134
60000, 0.013660, 3, -394604
60000, 0.014111, 2, -111728
60000, 0.012869, 3, -368793
60000, 0.012779, 2, -216424
70000, 0.002482, 3, -823438
70000, 0.003748, 2, 131485
70000, 0.007391, 2, 672605
70000, 0.004550, 3, 330366
70000, 0.012958, 2, 73971
70000, 0.003678, 3, -207163
70000, 0.029704, 3, 908558
70000, 0.006739, 3, -313457
70000, 0.014606, 3, -189173
70000, 0.012144, 3, 438785
80000, 0.002482, 3, 524996
80000, 0.004986, 3, 447146
80000, 0.002403, 4, -519752
80000, 0.007648, 4, -445644
80000, 0.010126, 5, -770850
80000, 0.009990, 4, -243844
80000, 0.015461, 3, -550205
80000, 0.014414, 3, 366936
80000, 0.014348, 3, 174550
80000, 0.018577, 3, -207896
90000, 0.002387, 3, 502111
90000, 0.000762, 3, 296989
90000, 0.011237, 3, 857530
90000, 0.006468, 3, 466499
90000, 0.012034, 2, 586322
90000, 0.004489, 2, 662784
90000, 0.031978, 4, -313830
90000, 0.015200, 3, -426853
90000, 0.010528, 5, -222797
90000, 0.009657, 3, -168269
100000, 0.007516, 3, 620001
100000, 0.004127, 4, -113176
100000, 0.005487, 4, -189503
100000, 0.009640, 5, -338203
100000, 0.012332, 3, -65998
100000, 0.018104, 4, 415183
100000, 0.008123, 4, 5718
100000, 0.016617, 4, 117813
100000, 0.018811, 3, 217720
100000, 0.047541, 5, -306990
10000, 0.003247, 0, 251040
10000, 0.002739, 0, 255596
10000, 0.001558, 0, 249887
10000, 0.009385, 0, 281714
10000, 0.003837, 1, -741283
10000, 0.012679, 0, 287977
10000, 0.011339, 0, 224316
10000, 0.015205, 1, -722116
10000, 0.025187, 1, -452640
10000, 0.018949, 1, -750356
20000, 0.002430, 1, -454846
20000, 0.007356, 1, 149520
20000, 0.006466, 0, 550729
20000, 0.001649, 0, 514740
20000, 0.002504, 1, -458303
20000, 0.005140, 1, -434901
20000, 0.012600, 1, -451731
20000, 0.014174, 1, -456286
20000, 0.017443, 1, -206213
20000, 0.029454, 1, -136015
30000, 0.003214, 1, -67304
30000, 0.003874, 1, 63688
30000, 0.006863, 2, -288820
30000, 0.010952, 1, -199709
30000, 0.010780, 1, -214379
30000, 0.017065, 0, 923580
30000, 0.013061, 1, 253578
30000, 0.013176, 1, 7663
30000, 0.003308, 2, -504884
30000, 0.020476, 1, 29334
40000, 0.001991, 2, -18977
40000, 0.002240, 2, -494561
40000, 0.008346, 2, -134455
40000, 0.007102, 1, 147170
40000, 0.011481, 1, 231082
40000, 0.028596, 2, -121009
40000, 0.012708, 1, 193287
40000, 0.005654, 2, 52505
40000, 0.007130, 2, -676432
40000, 0.034178, 2, -386015
50000, 0.002490, 2, -454712
50000, 0.001872, 2, -330018
50000, 0.009490, 2, -68122
50000, 0.002744, 2, -112921
50000, 0.008330, 1, 502409
50000, 0.013395, 2, -501339
50000, 0.007418, 2, 214404
50000, 0.006590, 2, -367217
50000, 0.028792, 2, -104023
50000, 0.013396, 1, 467891
60000, 0.004150, 2, 712525
60000, 0.007190, 3, -248703
60000, 0.010912, 2, 160039
60000, 0.003029, 3, -434226
60000, 0.011735, 3, -132327
60000, 0.005555, 2, 412177
60000, 0.012250, 3, -50055
60000, 0.013868, 2, 439508
60000, 0.039439, 2, 97745
60000, 0.048136, 2, 448571
70000, 0.000889, 2, 147999
70000, 0.004648, 3, -200958
70000, 0.005787, 3, -18419
70000, 0.011510, 3, 78026
70000, 0.004084, 3, -807535
70000, 0.001185, 3, 140228
70000, 0.018919, 3, 637226
70000, 0.015340, 3, 123595
70000, 0.014379, 3, -611579
70000, 0.035089, 2, 482401
80000, 0.002424, 4, -683649
80000, 0.003344, 3, -469668
80000, 0.005621, 3, 363940
80000, 0.008023, 2, 502230
80000, 0.008972, 3, 737914
80000, 0.008436, 3, 325705
80000, 0.008466, 3, 459555
80000, 0.017240, 4, -18284
80000, 0.007199, 4, -307855
80000, 0.009940, 4, -864886
90000, 0.003667, 4, 411783
90000, 0.004436, 2, 750790
90000, 0.008014, 4, -255006
90000, 0.007524, 4, -294088
90000, 0.009685, 4, -406818
90000, 0.005277, 4, 41156
90000, 0.016649, 4, -298093
90000, 0.012623, 3, 760916
90000, 0.015824, 4, -263739
90000, 0.013862, 4, -87415
100000, 0.002407, 3, 495610
100000, 0.001800, 3, 864164
100000, 0.008572, 4, 377913
100000, 0.011776, 4, -51829
100000, 0.004999, 5, 218713
100000, 0.004176, 4, 116627
100000, 0.017318, 5, -354785
100000, 0.017504, 4, -279141
100000, 0.012502, 4, -549036
100000, 0.036349, 5, -677240
10000, 0.002739, 1, -696488
10000, 0.004702, 0, 255084
10000, 0.006004, 0, 262302
10000, 0.006488, 1, -741148
10000, 0.011856, 0, 345606
10000, 0.008261, 0, 278531
10000, 0.007860, 1, -726408
10000, 0.015686, 1, -446889
10000, 0.039388, 1, -440541
10000, 0.019362, 1, -706708
20000, 0.002563, 1, -321868
20000, 0.005449, 1, -390970
20000, 0.007910, 1, 6361
20000, 0.010118, 0, 570507
20000, 0.009800, 1, 198558
20000, 0.012120, 1, -409127
20000, 0.010394, 1, -254468
20000, 0.014628, 1, 224272
20000, 0.009025, 0, 598200
20000, 0.019756, 0, 564769
30000, 0.002177, 1, -157442
30000, 0.003971, 1, 494524
30000, 0.007473, 1, -176421
30000, 0.005150, 1, -119722
30000, 0.014036, 1, 232067
30000, 0.006508, 1, -9042
30000, 0.014318, 1, 484255
30000, 0.013313, 0, 875515
30000, 0.008698, 1, -17745
30000, 0.014753, 2, -522457
40000, 0.003381, 1, 160403
40000, 0.006375, 2, -61805
40000, 0.001597, 1, 150614
40000, 0.010664, 2, -65616
40000, 0.007592, 1, 220034
40000, 0.008881, 2, -389114
40000, 0.011201, 2, 116079
40000, 0.019224, 1, 221542
40000, 0.023921, 2, -429548
40000, 0.014920, 2, -833950
50000, 0.001936, 3, -464215
50000, 0.004005, 1, 467853
50000, 0.007124, 1, 520216
50000, 0.008319, 2, -159891
50000, 0.005851, 2, 84977
50000, 0.012415, 2, 338149
50000, 0.014819, 2, -462121
50000, 0.006802, 3, -791571
50000, 0.015923, 2, -368610
50000, 0.031139, 2, -156062
60000, 0.004718, 2, 525948
60000, 0.003223, 2, 337379
60000, 0.006809, 2, -171123
60000, 0.000978, 3, -222152
60000, 0.011412, 3, -418235
60000, 0.008204, 3, -383960
60000, 0.013588, 3, -430011
60000, 0.009655, 2, -252541
60000, 0.008602, 3, -307414
60000, 0.014813, 3, -14068
70000, 0.004483, 2, 442259
70000, 0.009211, 3, -36418
70000, 0.007546, 3, -274472
70000, 0.003054, 3, -11690
70000, 0.006827, 3, 162178
70000, 0.014727, 3, 176949
70000, 0.009266, 3, -574282
70000, 0.015705, 3, -7117
70000, 0.019346, 3, 493633
70000, 0.010599, 3, 402282
80000, 0.003399, 3, 541911
80000, 0.003772, 3, 309977
80000, 0.008303, 4, -243666
80000, 0.008097, 3, -668790
80000, 0.009380, 4, -215502
80000, 0.026441, 2, 811834
80000, 0.015596, 3, 411586
80000, 0.010819, 3, 435573
80000, 0.010637, 3, 799765
80000, 0.019716, 3, 395133
90000, 0.003737, 3, 525702
90000, 0.004625, 4, -427331
90000, 0.006077, 4, -391194
90000, 0.008682, 4, -157384
90000, 0.007422, 4, -74875
90000, 0.013487, 4, -107461
90000, 0.007387, 4, -411141
90000, 0.012288, 4, -265986
90000, 0.016702, 4, -462445
90000, 0.018752, 4, -334917
100000, 0.003317, 4, 678337
100000, 0.004910, 4, -80823
100000, 0.005603, 4, -108744
100000, 0.002434, 4, -622001
100000, 0.007157, 3, 447215
100000, 0.015687, 4, -28654
100000, 0.007630, 4, 138526
100000, 0.019895, 4, -120507
100000, 0.007371, 4, 103173
100000, 0.020760, 4, 43267
10000, 0.001975, 0, 282860
10000, 0.007085, 0, 599125
10000, 0.002484, 0, 298218
10000, 0.009529, 0, 260609
10000, 0.010445, 1, -731839
10000, 0.014172, 0, 267964
10000, 0.013521, 1, -709753
10000, 0.035730, 1, -384635
10000, 0.008630, 0, 348088
10000, 0.018345, 1, -728531
20000, 0.001792, 1, 439908
20000, 0.004997, 1, -265728
20000, 0.006561, 1, -340569
20000, 0.006338, 1, -214051
20000, 0.023175, 1, 178803
20000, 0.019249, 1, -432890
20000, 0.014972, 1, -323134
20000, 0.003592, 1, -425757
20000, 0.016835, 1, -402747
20000, 0.031493, 1, 199511
30000, 0.002363, 1, 97431
30000, 0.009521, 1, 476009
30000, 0.005462, 1, 354386
30000, 0.004439, 1, 35634
30000, 0.005952, 1, 138777
30000, 0.014473, 1, 113978
30000, 0.028740, 2, -80315
30000, 0.009741, 1, -57032
30000, 0.017895, 2, -492334
30000, 0.021597, 2, -746434
40000, 0.002579, 1, 202240
40000, 0.006712, 2, -160340
40000, 0.006993, 2, 2559
40000, 0.008060, 2, -715724
40000, 0.017350, 3, -857043
40000, 0.012091, 1, 179735
40000, 0.009674, 1, 202654
40000, 0.031763, 2, -202650
40000, 0.017135, 1, 318719
40000, 0.010196, 2, -676515
50000, 0.009236, 3, -328174
50000, 0.002838, 2, 739065
50000, 0.007605, 2, 246839
50000, 0.008856, 1, 742749
50000, 0.008108, 3, -141367
50000, 0.013399, 3, -467077
50000, 0.015521, 2, 349146
50000, 0.017031, 2, 567933
50000, 0.011718, 2, 409559
50000, 0.011020, 2, 23427
60000, 0.007531, 2, -77924
60000, 0.005647, 2, 250399
60000, 0.006889, 3, -496791
60000, 0.003747, 3, -97475
60000, 0.013665, 3, -517735
60000, 0.029526, 2, 694422
60000, 0.008325, 2, -216097
60000, 0.026188, 3, -74414
60000, 0.013886, 2, 580863
60000, 0.017268, 2, 766205
70000, 0.002919, 2, 140436
70000, 0.004133, 3, -19314
70000, 0.006219, 3, 654191
70000, 0.008748, 2, 595414
70000, 0.009680, 3, -331015
70000, 0.003729, 3, 128222
70000, 0.012094, 3, 15470
70000, 0.019614, 4, -683405
70000, 0.019576, 3, -181173
70000, 0.013911, 4, -567986
80000, 0.000781, 4, -241672
80000, 0.005388, 5, -179664
80000, 0.008686, 4, 383140
80000, 0.008473, 3, 589085
80000, 0.009465, 4, -67718
80000, 0.007431, 4, -619503
80000, 0.002268, 3, 75595
80000, 0.003617, 3, 321350
80000, 0.015511, 3, 112214
80000, 0.009890, 4, 96606
90000, 0.003116, 4, -659940
90000, 0.008540, 4, -550489
90000, 0.006131, 5, 276931
90000, 0.008585, 4, -248438
90000, 0.023620, 4, -171006
90000, 0.006117, 4, 208647
90000, 0.008892, 4, 228087
90000, 0.010275, 4, 189289
90000, 0.009883, 4, -328527
90000, 0.015677, 4, -232705
100000, 0.002812, 4, 245230
100000, 0.004942, 4, 78926
100000, 0.012439, 3, 412764
100000, 0.006715, 4, 610573
100000, 0.010153, 4, 282089
100000, 0.010564, 5, -508685
100000, 0.004758, 3, 365892
100000, 0.014057, 4, 106803
100000, 0.004605, 4, 150100
100000, 0.033159, 4, -593492
10000, 0.006278, 1, -337405
10000, 0.005335, 1, -714664
10000, 0.006585, 0, 308902
10000, 0.012729, 0, 502720
10000, 0.007228, 1, -389519
10000, 0.007817, 0, 321845
10000, 0.011870, 0, 300956
10000, 0.017648, 1, -718565
10000, 0.011264, 0, 281822
10000, 0.033365, 1, -418913
20000, 0.001657, 1, -419261
20000, 0.003210, 1, -173752
20000, 0.016685, 1, 262984
20000, 0.006557, 1, 51252
20000, 0.008223, 1, 159257
20000, 0.010602, 1, -425252
20000, 0.015042, 1, -42522
20000, 0.005503, 0, 606348
20000, 0.006283, 1, -380223
20000, 0.013323, 1, -443107
30000, 0.002850, 1, -178898
30000, 0.006841, 2, -407789
30000, 0.006794, 2, -367514
30000, 0.009381, 1, 94555
30000, 0.016508, 2, -851914
30000, 0.009129, 1, -149572
30000, 0.007302, 1, 184498
30000, 0.014778, 1, 206515
30000, 0.017874, 1, -32771
30000, 0.022290, 2, -434163
40000, 0.001787, 1, 836231
40000, 0.003716, 1, 224864
40000, 0.003183, 1, 281246
40000, 0.015910, 2, 175727
40000, 0.011454, 1, 543635
40000, 0.008103, 1, 511086
40000, 0.011995, 2, 102219
40000, 0.011538, 2, -187301
40000, 0.010070, 1, 588452
40000, 0.010290, 2, -344394
50000, 0.006361, 2, -554475
50000, 0.008770, 3, -219157
50000, 0.002723, 2, -224549
50000, 0.001640, 2, -573901
50000, 0.011670, 2, -289867
50000, 0.004125, 2, -252544
50000, 0.012069, 2, 226568
50000, 0.002764, 2, -378143
50000, 0.021365, 3, -110978
50000, 0.014234, 2, 367681
60000, 0.012121, 3, -357332
60000, 0.012673, 2, 587034
60000, 0.001666, 3, 384358
60000, 0.009869, 3, 236673
60000, 0.012252, 3, -90909
60000, 0.018836, 3, 137165
60000, 0.014182, 2, 17096
60000, 0.012591, 2, 782824
60000, 0.021761, 2, -83452
60000, 0.030987, 3, -247741
70000, 0.002934, 3, 76937
70000, 0.004897, 4, -551626
70000, 0.003448, 3, 129735
70000, 0.008995, 4, -563980
70000, 0.005685, 3, -350983
70000, 0.011666, 3, 84914
70000, 0.004156, 3, 50508
70000, 0.010065, 3, 84787
70000, 0.010412, 3, 161855
70000, 0.012688, 3, 333071
80000, 0.002661, 4, 480394
80000, 0.002701, 5, 478788
80000, 0.003322, 4, 232081
80000, 0.006059, 4, -240934
80000, 0.007713, 4, 100972
80000, 0.019475, 3, 367128
80000, 0.015719, 4, -649839
80000, 0.018045, 4, 254416
80000, 0.020413, 3, 121168
80000, 0.013130, 3, 813
90000, 0.005959, 3, 329035
90000, 0.004505, 5, -330575
90000, 0.007831, 4, -61729
90000, 0.008253, 3, 56223
90000, 0.007956, 4, 313324
90000, 0.010539, 4, 171801
90000, 0.008852, 4, -369121
90000, 0.016265, 4, 61976
90000, 0.010452, 5, -506280
90000, 0.005088, 5, -218806
100000, 0.004792, 5, -38576
100000, 0.006851, 5, -281762
100000, 0.011414, 6, -461015
100000, 0.002954, 5, -509496
100000, 0.013639, 6, -933687
100000, 0.011812, 5, -334527
100000, 0.010471, 5, -377126
100000, 0.018837, 5, -431554
100000, 0.011227, 4, 322630
100000, 0.016302, 6, 503461
10000, 0.002998, 0, 511476
10000, 0.005389, 1, -301382
10000, 0.002565, 1, -583402
10000, 0.002675, 1, -598136
10000, 0.009982, 0, 284556
10000, 0.017450, 0, 651744
10000, 0.016095, 0, 291411
10000, 0.015227, 0, 383452
10000, 0.009267, 0, 352860
10000, 0.019893, 1, -620484
20000, 0.004409, 1, -191859
20000, 0.003184, 1, 57369
20000, 0.004732, 1, -392002
20000, 0.012028, 1, -321365
20000, 0.018532, 1, 249788
20000, 0.011660, 1, -316908
20000, 0.007679, 1, 157191
20000, 0.011518, 1, -427321
20000, 0.012265, 1, 293384
20000, 0.018867, 1, -412413
30000, 0.003755, 1, -101082
30000, 0.003567, 2, -461686
30000, 0.005969, 1, 18916
30000, 0.007342, 1, -56852
30000, 0.013876, 1, -118127
30000, 0.013578, 1, 483769
30000, 0.005568, 1, -79034
30000, 0.002754, 2, -263013
30000, 0.008952, 1, 9800
30000, 0.037336, 1, 482730
40000, 0.003642, 2, -76340
40000, 0.006268, 1, 191017
40000, 0.007175, 2, 182834
40000, 0.010632, 2, -693199
40000, 0.007616, 2, -172591
40000, 0.013099, 2, -241461
40000, 0.001636, 1, 146754
40000, 0.018050, 2, -130079
40000, 0.016599, 1, 312734
40000, 0.012271, 2, -13543
50000, 0.003521, 2, 55536
50000, 0.003548, 1, 492701
50000, 0.009444, 2, 164912
50000, 0.016606, 3, -742032
50000, 0.007047, 3, -160626
50000, 0.003005, 2, -443421
50000, 0.011691, 2, -6290
50000, 0.036742, 1, 568778
50000, 0.020862, 2, 196555
50000, 0.013525, 3, -77449
60000, 0.003398, 3, 223220
60000, 0.006539, 3, -61127
60000, 0.006911, 3, -162251
60000, 0.007147, 3, -140352
60000, 0.009071, 2, 177957
60000, 0.010595, 2, 149342
60000, 0.015077, 3, -679360
60000, 0.017353, 3, -423998
60000, 0.031343, 3, 168012
60000, 0.010348, 2, 159490
70000, 0.003948, 3, 206119
70000, 0.004569, 3, -23944
70000, 0.004660, 3, 93730
70000, 0.006970, 2, 286589
70000, 0.013329, 3, 146527
70000, 0.011955, 3, -272049
70000, 0.011408, 2, 152358
70000, 0.016997, 4, -255024
70000, 0.005667, 4, -709167
70000, 0.017353, 3, -37570
80000, 0.004475, 4, -813442
80000, 0.004966, 3, -384040
80000, 0.006923, 4, 95797
80000, 0.009072, 3, 266326
80000, 0.010360, 3, 130079
80000, 0.014324, 4, -609079
80000, 0.015198, 3, 373554
80000, 0.018063, 3, 649302
80000, 0.029342, 4, -412619
80000, 0.005602, 4, -542042
90000, 0.001657, 3, -146429
90000, 0.004672, 4, -3814
90000, 0.013931, 3, 266620
90000, 0.014080, 4, 458304
90000, 0.004608, 3, 233369
90000, 0.012911, 3, 751214
90000, 0.018084, 3, 98554
90000, 0.007544, 4, -151291
90000, 0.018575, 4, 584573
90000, 0.014836, 4, -95059
100000, 0.002012, 4, 297893
100000, 0.002546, 5, 158797
100000, 0.004641, 6, 271192
100000, 0.013796, 5, 98691
100000, 0.009579, 4, 410364
100000, 0.008488, 4, 182123
100000, 0.006214, 4, 594779
100000, 0.022004, 5, -345513
100000, 0.005147, 4, -55284
100000, 0.024804, 4, 489520
10000, 0.002929, 0, 484575
10000, 0.005958, 0, 296110
10000, 0.004663, 1, -635584
10000, 0.011928, 1, -408676
10000, 0.002685, 1, -703109
10000, 0.014900, 0, 267797
10000, 0.019481, 0, 583535
10000, 0.032800, 0, 386620
10000, 0.012020, 0, 274457
10000, 0.009047, 1, -708729
20000, 0.003794, 1, -425403
20000, 0.005255, 1, -42556
20000, 0.010184, 0, 646090
20000, 0.010306, 0, 596378
20000, 0.011402, 1, 286460
20000, 0.013449, 1, -15830
20000, 0.005775, 1, -421715
20000, 0.007449, 1, -381142
20000, 0.017321, 1, -320935
20000, 0.027464, 1, 23387
30000, 0.003899, 1, -154226
30000, 0.009246, 2, -377922
30000, 0.006560, 2, -377907
30000, 0.007626, 0, 868451
30000, 0.007707, 1, -132846
30000, 0.008421, 1, 380765
30000, 0.002649, 1, -158978
30000, 0.013278, 2, -563836
30000, 0.015262, 1, -84049
30000, 0.022130, 1, -78849
40000, 0.006435, 2, 121914
40000, 0.004653, 2, -237091
40000, 0.007090, 1, 165211
40000, 0.006528, 3, -967410
40000, 0.003111, 2, -278574
40000, 0.012110, 1, 253603
40000, 0.008645, 1, 240207
40000, 0.011262, 2, 486813
40000, 0.006503, 1, 371045
40000, 0.045780, 1, 767612
50000, 0.004256, 1, 577708
50000, 0.007063, 3, -335308
50000, 0.006313, 2, -352254
50000, 0.006661, 3, -626836
50000, 0.011349, 2, -473710
50000, 0.017253, 2, 577961
50000, 0.010501, 2, -236263
50000, 0.019925, 3, -497953
50000, 0.005943, 3, -673418
50000, 0.014489, 2, -293356
60000, 0.006092, 3, 54498
60000, 0.003265, 3, -379755
60000, 0.007837, 2, 562852
60000, 0.003853, 3, -219703
60000, 0.013150, 3, -364929
60000, 0.015226, 3, -227876
60000, 0.009446, 2, -188939
60000, 0.006644, 1, 812350
60000, 0.015066, 2, -140702
60000, 0.013922, 3, 221495
70000, 0.004307, 3, -44063
70000, 0.003647, 3, 29775
70000, 0.006871, 4, -956634
70000, 0.007362, 3, 451097
70000, 0.003791, 3, -36574
70000, 0.008434, 3, 120373
70000, 0.005025, 3, 590678
70000, 0.014240, 3, 169457
70000, 0.017332, 3, -714576
70000, 0.019412, 3, 207114
80000, 0.003517, 3, 220922
80000, 0.004884, 3, 274247
80000, 0.006885, 4, -588062
80000, 0.018832, 5, -954355
80000, 0.010536, 2, 423378
80000, 0.016255, 3, 299483
80000, 0.008411, 4, -855376
80000, 0.017720, 3, 104170
80000, 0.010251, 3, 107348
80000, 0.012640, 3, 339486
90000, 0.004316, 4, -29036
90000, 0.008916, 4, -45632
90000, 0.008185, 3, 293053
90000, 0.008325, 4, 85899
90000, 0.012823, 4, -237603
90000, 0.010066, 4, -123197
90000, 0.014940, 4, 18615
90000, 0.005634, 4, 521721
90000, 0.020407, 4, 537748
90000, 0.018140, 5, -55210
100000, 0.006456, 8, -94428
100000, 0.001903, 6, -803343
100000, 0.002921, 5, 134364
100000, 0.005922, 5, -464608
100000, 0.005735, 5, -397059
100000, 0.017342, 6, -830066
100000, 0.007316, 4, -35454
100000, 0.037000, 4, 542671
100000, 0.019753, 5, -208914
100000, 0.012910, 5, -87899
10000, 0.005818, 0, 427288
10000, 0.006912, 0, 423574
10000, 0.009582, 0, 497652
10000, 0.007133, 0, 390149
10000, 0.010681, 0, 507580
10000, 0.007184, 0, 521021
10000, 0.003987, 0, 352469
10000, 0.019561, 0, 367455
10000, 0.015753, 0, 413364
10000, 0.014708, 1, -283193
20000, 0.002798, 1, -95819
20000, 0.004318, 0, 753609
20000, 0.008078, 1, -234753
20000, 0.008679, 1, -219019
20000, 0.012046, 0, 855602
20000, 0.011595, 1, -190024
20000, 0.009733, 1, -158309
20000, 0.029794, 1, 104397
20000, 0.005508, 1, -209637
20000, 0.019978, 1, -228373
30000, 0.005386, 1, 167085
30000, 0.004815, 1, 414911
30000, 0.007416, 1, 461460
30000, 0.007363, 1, 337955
30000, 0.004241, 1, 201970
30000, 0.013389, 1, 163464
30000, 0.012505, 1, 175230
30000, 0.010733, 1, 124958
30000, 0.016639, 1, 144585
30000, 0.012947, 2, -661965
40000, 0.004161, 3, -584982
40000, 0.005391, 2, -232190
40000, 0.005884, 1, 631989
40000, 0.007407, 2, -32552
40000, 0.005319, 1, 654469
40000, 0.013573, 1, 492159
40000, 0.015685, 1, 433430
40000, 0.021586, 2, -32263
40000, 0.023938, 2, -425487
40000, 0.020921, 2, -170311
50000, 0.006784, 3, -525709
50000, 0.007556, 3, -380839
50000, 0.007211, 2, 115914
50000, 0.004776, 2, 17110
50000, 0.020693, 2, 362137
50000, 0.005230, 2, -137951
50000, 0.010119, 2, -10344
50000, 0.009907, 3, -58708
50000, 0.011672, 2, 270368
50000, 0.007603, 2, 202365
60000, 0.003974, 2, 306092
60000, 0.007927, 3, -40708
60000, 0.007179, 3, -284052
60000, 0.007041, 2, 234970
60000, 0.006019, 2, 444995
60000, 0.012398, 3, 99363
60000, 0.015312, 3, -566056
60000, 0.014233, 3, 196456
60000, 0.009750, 4, -241595
60000, 0.021599, 3, 32656
70000, 0.004479, 3, -370
70000, 0.004666, 4, -264905
70000, 0.009837, 3, 620054
70000, 0.006805, 3, 337518
70000, 0.008460, 2, 689427
70000, 0.011972, 3, 440211
70000, 0.013040, 3, 495189
70000, 0.004934, 3, 328914
70000, 0.037164, 3, 128858
70000, 0.021600, 2, 881718
80000, 0.003243, 4, -50030
80000, 0.006610, 4, 51186
80000, 0.007611, 3, 409313
80000, 0.009110, 4, -149886
80000, 0.012955, 4, 43707
80000, 0.010471, 5, -526143
80000, 0.005577, 3, 256827
80000, 0.010388, 4, -89091
80000, 0.006121, 5, -165889
80000, 0.006439, 5, 740018
90000, 0.004116, 5, 470811
90000, 0.004110, 5, 199636
90000, 0.003530, 5, -186288
90000, 0.006930, 5, -132099
90000, 0.012205, 4, 620045
90000, 0.012303, 5, -353633
90000, 0.016723, 5, -86917
90000, 0.010739, 5, -27094
90000, 0.013928, 5, -209308
90000, 0.030762, 5, 679379
100000, 0.006351, 5, 539555
100000, 0.005686, 6, -359933
100000, 0.004378, 6, -135682
100000, 0.010004, 6, 703515
100000, 0.004557, 5, 237758
100000, 0.007628, 5, 183712
100000, 0.019032, 6, -485666
100000, 0.009084, 7, -487643
100000, 0.015234, 5, 57213
100000, 0.011350, 6, -198339
10000, 0.003091, 0, 477527
10000, 0.002783, 0, 509635
10000, 0.005041, 0, 554407
10000, 0.007370, 0, 522221
10000, 0.010793, 0, 478130
10000, 0.014559, 0, 567853
10000, 0.007780, 0, 477673
10000, 0.027682, 0, 486497
10000, 0.023976, 0, 485196
10000, 0.009580, 0, 455843
20000, 0.005264, 1, -77949
20000, 0.006730, 1, 79705
20000, 0.010621, 1, -26080
20000, 0.007126, 1, -28650
20000, 0.007378, 1, 35857
20000, 0.011662, 1, 84065
20000, 0.005047, 1, 112961
20000, 0.023610, 1, 151154
20000, 0.019852, 1, 53746
20000, 0.008651, 1, 13557
30000, 0.007936, 1, 592314
30000, 0.005635, 1, 489739
30000, 0.002380, 1, 719425
30000, 0.016571, 2, -477124
30000, 0.013563, 2, -501447
30000, 0.019656, 2, -454573
30000, 0.005702, 1, 662237
30000, 0.007217, 1, 636445
30000, 0.010095, 1, 610777
30000, 0.028016, 2, -364302
40000, 0.003675, 2, 101623
40000, 0.005458, 2, 624579
40000, 0.006248, 2, 16718
40000, 0.004698, 2, 134288
40000, 0.012349, 2, 207358
40000, 0.010409, 2, 191319
40000, 0.023726, 2, 185411
40000, 0.013406, 2, 90161
40000, 0.015429, 2, 46692
40000, 0.019173, 2, 172334
50000, 0.004815, 3, -323506
50000, 0.006137, 3, 230084
50000, 0.010013, 3, -137497
50000, 0.009248, 2, 771829
50000, 0.004930, 4, -532160
50000, 0.005948, 3, -497192
50000, 0.007695, 3, -313427
50000, 0.013795, 4, -681112
50000, 0.021088, 3, -281544
50000, 0.012083, 2, 712077
60000, 0.007150, 3, 207947
60000, 0.006328, 3, 679790
60000, 0.005641, 3, 300371
60000, 0.008469, 3, 350634
60000, 0.009530, 4, -694774
60000, 0.015022, 3, 165753
60000, 0.005779, 3, 289380
60000, 0.010558, 4, -452594
60000, 0.027833, 4, -662904
60000, 0.012096, 3, 306776
70000, 0.003139, 4, 353623
70000, 0.006390, 4, 551167
70000, 0.012089, 4, -176979
70000, 0.003727, 6, -606855
70000, 0.009324, 5, 31201
70000, 0.012771, 4, 360761
70000, 0.020106, 4, -126528
70000, 0.015491, 4, -47353
70000, 0.020502, 3, 670357
70000, 0.013648, 4, -408952
80000, 0.004654, 4, 214675
80000, 0.006807, 5, -19587
80000, 0.002250, 4, 189707
80000, 0.000726, 5, -708852
80000, 0.026556, 6, -644532
80000, 0.008097, 5, -351183
80000, 0.020598, 5, -737723
80000, 0.012070, 5, -134633
80000, 0.003371, 4, 271275
80000, 0.025702, 4, 877129
90000, 0.005966, 6, -336243
90000, 0.009252, 5, -260882
90000, 0.004050, 6, -179131
90000, 0.004247, 5, -44444
90000, 0.010353, 5, -80205
90000, 0.014069, 6, 161341
90000, 0.015789, 5, 110564
90000, 0.015208, 6, 21325
90000, 0.009576, 5, -313937
90000, 0.022779, 6, -80608
100000, 0.008213, 5, 375527
100000, 0.003864, 6, 545401
100000, 0.010846, 5, 565017
100000, 0.007723, 6, -294116
100000, 0.015261, 5, 321533
100000, 0.013128, 7, 271798
100000, 0.004539, 7, -129064
100000, 0.011508, 6, -54438
100000, 0.016934, 5, 472592
100000, 0.020303, 6, 577451
10000, 0.004391, 0, 444290
10000, 0.008064, 0, 510981
10000, 0.002272, 0, 435251
10000, 0.006472, 0, 479978
10000, 0.011521, 0, 472049
10000, 0.015481, 0, 489237
10000, 0.012668, 1, -501463
10000, 0.015695, 1, -300146
10000, 0.014054, 1, -278658
10000, 0.011935, 0, 521580
20000, 0.005051, 1, 115816
20000, 0.005665, 2, -867745
20000, 0.005255, 1, 119401
20000, 0.008013, 1, 242152
20000, 0.009425, 1, 247747
20000, 0.008324, 1, -20654
20000, 0.013551, 1, 69278
20000, 0.027467, 1, 107597
20000, 0.015195, 1, 14131
20000, 0.012149, 1, 10940
30000, 0.010547, 2, -439648
30000, 0.010487, 2, -309965
30000, 0.007259, 2, -41919
30000, 0.004909, 1, 707664
30000, 0.008888, 1, 618440
30000, 0.007665, 1, -365156
30000, 0.008541, 1, 10083
30000, 0.016919, 0, 676965
30000, 0.014497, 1, -97172
30000, 0.017799, 1, -120304
40000, 0.009099, 1, 159758
40000, 0.012159, 1, 111355
40000, 0.007422, 1, 113431
40000, 0.004848, 1, 592323
40000, 0.008428, 1, -64193
40000, 0.007318, 2, -640476
40000, 0.014151, 1, -113520
40000, 0.009457, 2, -389915
40000, 0.010170, 1, -171979
40000, 0.019671, 1, 313726
50000, 0.005656, 1, 416129
50000, 0.012178, 1, 214236
50000, 0.006863, 2, -190423
50000, 0.007959, 1, 382021
50000, 0.008949, 1, 258315
50000, 0.012286, 2, -515329
50000, 0.016454, 1, 57560
50000, 0.011072, 1, 665832
50000, 0.012084, 1, 241302
50000, 0.024309, 1, 372914
60000, 0.005915, 2, 593327
60000, 0.006960, 1, 463190
60000, 0.006903, 2, -224706
60000, 0.008166, 2, -106562
60000, 0.009221, 1, 619416
60000, 0.017792, 2, -523993
60000, 0.009323, 2, -8916
60000, 0.014412, 2, -513501
60000, 0.018302, 2, -607331
60000, 0.025501, 2, -150770
70000, 0.008519, 1, 884991
70000, 0.006725, 2, -245740
70000, 0.013705, 2, -332474
70000, 0.019179, 2, 212040
70000, 0.001837, 2, 102828
70000, 0.005084, 1, 866892
70000, 0.013979, 2, -521289
70000, 0.030001, 2, 49303
70000, 0.018741, 2, 64490
70000, 0.003640, 2, -220023
80000, 0.005412, 1, 740860
80000, 0.011572, 2, 131605
80000, 0.008087, 2, 42123
80000, 0.008224, 4, -142613
80000, 0.007538, 2, 612654
80000, 0.011719, 3, -343886
80000, 0.007626, 3, -401142
80000, 0.014746, 3, -13020
80000, 0.007553, 3, -272404
80000, 0.011967, 3, -184261
90000, 0.004716, 3, 218878
90000, 0.007522, 4, 290885
90000, 0.002077, 5, -151740
90000, 0.002961, 4, -208050
90000, 0.002488, 4, -436222
90000, 0.003507, 3, 297683
90000, 0.003508, 3, -553034
90000, 0.009200, 3, -515958
90000, 0.004921, 3, -659509
90000, 0.014914, 3, -703778
100000, 0.005173, 2, 607597
100000, 0.005664, 2, 584207
100000, 0.012234, 3, -413870
100000, 0.012189, 3, -28593
100000, 0.013301, 3, -122619
100000, 0.016197, 4, 166543
100000, 0.005073, 6, -85122
100000, 0.018594, 5, 205193
100000, 0.024241, 3, 949422
100000, 0.024126, 4, 581926
100000, 0.013752, 4, -10978
100000, 0.034898, 6, -481606
100000, 0.047400, 5, -126597
100000, 0.064122, 5, -294258
100000, 0.058821, 5, 375737
100000, 0.056203, 5, 72243
100000, 0.037921, 5, -399294
100000, 0.046069, 4, -71747
100000, 0.093955, 5, -124066
100000, 0.041318, 4, 179454
100000, 0.080772, 4, 382728
100000, 0.097365, 4, 50305
100000, 0.205428, 5, -655869
100000, 0.129656, 4, -199199
100000, 0.136678, 5, -323603
100000, 0.090410, 5, 733698
100000, 0.109595, 7, -93140
100000, 0.092675, 4, 494057
100000, 0.090150, 4, 115793
150000, 0.013111, 8, -901648
150000, 0.022288, 7, -150946
150000, 0.026455, 8, -624875
150000, 0.038311, 7, -60406
150000, 0.096917, 7, 427764
150000, 0.044147, 7, -199885
150000, 0.111834, 7, -453072
150000, 0.055113, 6, -487278
150000, 0.072816, 7, -34161
150000, 0.090580, 7, -66247
150000, 0.065005, 7, 268507
150000, 0.149158, 8, 194213
150000, 0.195490, 8, 94807
150000, 0.049724, 9, -90334
150000, 0.063260, 11, -833442
150000, 0.138894, 9, 647560
150000, 0.090973, 7, 642121
150000, 0.088293, 7, 1478
150000, 0.276018, 8, 151455
200000, 0.027831, 11, 492199
200000, 0.018657, 10, 161888
200000, 0.022315, 11, -424144
200000, 0.011161, 11, -47059
200000, 0.029975, 12, -431588
200000, 0.043052, 11, 161195
200000, 0.091031, 11, -419533
200000, 0.040518, 10, 131330
200000, 0.034857, 10, -167427
200000, 0.176094, 11, -684215
200000, 0.072014, 11, -334724
200000, 0.072606, 12, 666441
200000, 0.090928, 11, -389664
200000, 0.092624, 11, 19881
200000, 0.065640, 10, -133480
200000, 0.086234, 10, 8275
200000, 0.077198, 11, -549451
200000, 0.254163, 12, -680621
200000, 0.101572, 11, 289338
250000, 0.024944, 13, 21056
250000, 0.019624, 13, -628465
250000, 0.020013, 13, -406823
250000, 0.027468, 13, -83591
250000, 0.043094, 12, 462270
250000, 0.045951, 14, -541823
250000, 0.049515, 14, -605714
250000, 0.069754, 13, 167352
250000, 0.063441, 13, -284056
250000, 0.046848, 14, -72736
250000, 0.073810, 13, -59746
250000, 0.056121, 15, -584767
250000, 0.053809, 13, 137301
250000, 0.092852, 12, 222455
250000, 0.076563, 13, 234670
250000, 0.115338, 13, -21105
250000, 0.102973, 13, -96685
250000, 0.080853, 12, -1752
250000, 0.132168, 14, -350662
300000, 0.010694, 17, 875067
300000, 0.027031, 14, -284919
300000, 0.031650, 14, -462907
300000, 0.021228, 14, -500945
300000, 0.066073, 14, -303190
300000, 0.035350, 15, -442808
300000, 0.053386, 15, 30196
300000, 0.060833, 14, -374429
300000, 0.105047, 13, 632918
300000, 0.069942, 13, 650782
300000, 0.092287, 13, 106706
300000, 0.050417, 13, -506964
300000, 0.094654, 13, 301398
300000, 0.083113, 12, 399521
300000, 0.092383, 16, -342773
300000, 0.121561, 15, -170088
300000, 0.214573, 15, 229942
300000, 0.095929, 15, 808351
300000, 0.109736, 15, -259121
350000, 0.009102, 18, -394227
350000, 0.028485, 17, 130306
350000, 0.027627, 18, 22262
350000, 0.036762, 19, -318592
350000, 0.037197, 21, -38575
350000, 0.034447, 20, 238600
350000, 0.031633, 17, -455260
350000, 0.084035, 18, -426717
350000, 0.039326, 18, 69044
350000, 0.159301, 19, 11426
350000, 0.064266, 19, 284471
350000, 0.077626, 18, 290834
350000, 0.125762, 18, 744439
350000, 0.080843, 18, 28303
350000, 0.109844, 17, 652015
350000, 0.096329, 18, 41410
350000, 0.091072, 18, 136951
350000, 0.085421, 19, -207137
350000, 0.073126, 19, -693907
400000, 0.020732, 20, 110771
400000, 0.028975, 21, -351178
400000, 0.013565, 24, -293393
400000, 0.047286, 24, 527437
400000, 0.030449, 21, 202885
400000, 0.034182, 21, -579892
400000, 0.042405, 21, -100234
400000, 0.046438, 16, 242655
400000, 0.062753, 13, -46851
400000, 0.068898, 13, -327996
400000, 0.106589, 12, 571345
400000, 0.109365, 15, -85053
400000, 0.073302, 16, 172756
400000, 0.072595, 16, 123459
400000, 0.089822, 11, 388011
400000, 0.093388, 18, 616040
400000, 0.185511, 18, -4304
400000, 0.109349, 21, 198698
400000, 0.262111, 22, 863312
450000, 0.016128, 22, -63155
450000, 0.018152, 22, -164051
450000, 0.034153, 18, 719502
450000, 0.034757, 19, 678760
450000, 0.030439, 20, -14846
450000, 0.041824, 20, -649957
450000, 0.043035, 20, 517271
450000, 0.067609, 21, -195123
450000, 0.061613, 19, 201686
450000, 0.122889, 22, 10332
450000, 0.050607, 20, 312188
450000, 0.085957, 20, -472762
450000, 0.062847, 20, -622858
450000, 0.094763, 19, -629657
450000, 0.195256, 21, -505181
450000, 0.298344, 21, -463211
450000, 0.122123, 20, -181985
450000, 0.100547, 19, -214962
450000, 0.228593, 20, 243377
500000, 0.010360, 22, -43850
500000, 0.018125, 21, 87176
500000, 0.039491, 20, 932695
500000, 0.067729, 21, 264467
500000, 0.091943, 21, 119959
500000, 0.031598, 21, 593995
500000, 0.108598, 22, 205597
500000, 0.093061, 22, 44420
500000, 0.132698, 21, -124680
500000, 0.145397, 22, 524679
500000, 0.077405, 22, -20791
500000, 0.068357, 21, -131114
500000, 0.090361, 22, -716317
500000, 0.084192, 23, -33809
500000, 0.087644, 22, 410629
500000, 0.118041, 22, -175264
500000, 0.094122, 21, 106981
500000, 0.280756, 22, -31342
500000, 0.145507, 21, -159896
550000, 0.030192, 26, -298703
550000, 0.021327, 25, 325355
550000, 0.030819, 28, 200088
550000, 0.026708, 24, -399366
550000, 0.025038, 22, -542269
550000, 0.087206, 23, -627970
550000, 0.074138, 23, -29864
550000, 0.047815, 25, 715973
550000, 0.076209, 27, 388330
550000, 0.056079, 26, 638908
550000, 0.158575, 43, 528546
550000, 0.064287, 46, -13877
550000, 0.039363, 57, -373926
550000, 0.073192, 48, 681886
550000, 0.056498, 46, -183279
550000, 0.078151, 60, 379966
550000, 0.120991, 50, -459685
550000, 0.077445, 44, 237695
550000, 0.156652, 56, -489196
600000, 0.045818, 50, 350745
600000, 0.013334, 52, 336041
600000, 0.015900, 54, 465244
600000, 0.010148, 54, 229765
600000, 0.034586, 60, -231605
600000, 0.034272, 53, -198147
600000, 0.038937, 61, 323261
600000, 0.041193, 66, 598933
600000, 0.053753, 64, -149795
600000, 0.109796, 72, 14525
600000, 0.058152, 68, 869228
600000, 0.063210, 63, -423548
600000, 0.070549, 69, 16494
600000, 0.078172, 64, 489286
600000, 0.070047, 63, -50984
600000, 0.103319, 67, 434648
600000, 0.110632, 70, -418841
600000, 0.115570, 66, 697181
600000, 0.105181, 68, -359241
650000, 0.007506, 72, 51276
650000, 0.022499, 73, 377314
650000, 0.039467, 70, -351400
650000, 0.016072, 82, -128026
650000, 0.020967, 71, 414193
650000, 0.040284, 75, -424094
650000, 0.042948, 73, -231704
650000, 0.047436, 81, 409754
650000, 0.039881, 71, -367317
650000, 0.034251, 74, 593699
650000, 0.047414, 73, 423342
650000, 0.087595, 77, -327929
650000, 0.087074, 68, 51439
650000, 0.065451, 67, -356232
